{
  "contract": "21755",
  "tool": "osiris",
  "start": 1609180834.318187,
  "end": 1609180892.1099079,
  "duration": 57.79172086715698,
  "analysis": [
    {
      "errors": [
        {
          "line": 45,
          "column": 56,
          "message": "overflow_bugs"
        },
        {
          "line": 45,
          "column": 12,
          "message": "overflow_bugs"
        },
        {
          "line": 53,
          "column": 17,
          "message": "underflow_bugs"
        },
        {
          "line": 52,
          "column": 16,
          "message": "reentrancy_bug"
        },
        {
          "line": 54,
          "column": 17,
          "message": "reentrancy_bug"
        }
      ],
      "file": "/../data/reentrancy/solidity_contract/21755.sol",
      "name": "COIN_BOX"
    },
    {
      "errors": [
        {
          "line": 85,
          "column": 9,
          "message": "overflow_bugs"
        },
        {
          "line": 66,
          "column": 1,
          "message": "overflow_bugs"
        },
        {
          "line": 85,
          "column": 9,
          "message": "overflow_bugs"
        }
      ],
      "file": "/../data/reentrancy/solidity_contract/21755.sol",
      "name": "Log"
    }
  ]
}