{
  "contract": "5515",
  "tool": "honeybadger",
  "start": 1609197414.6427011,
  "end": 1609197987.3893929,
  "duration": 572.7466917037964,
  "analysis": [
    {
      "errors": [],
      "file": "/../data/reentrancy/solidity_contract/5515.sol",
      "name": "NamiCrowdSale"
    },
    {
      "errors": [],
      "file": "/../data/reentrancy/solidity_contract/5515.sol",
      "name": "NamiMarket"
    },
    {
      "errors": [],
      "file": "/../data/reentrancy/solidity_contract/5515.sol",
      "name": "NamiMultiSigWallet"
    }
  ]
}