{
  "contract": "16643",
  "tool": "honeybadger",
  "start": 1609151402.851937,
  "end": 1609151410.307293,
  "duration": 7.455355882644653,
  "analysis": [
    {
      "errors": [],
      "file": "/../data/reentrancy/solidity_contract/16643.sol",
      "name": "Puppet"
    },
    {
      "errors": [],
      "file": "/../data/reentrancy/solidity_contract/16643.sol",
      "name": "SafeMath"
    },
    {
      "errors": [],
      "file": "/../data/reentrancy/solidity_contract/16643.sol",
      "name": "Splitter"
    }
  ]
}