{
  "contract": "17215",
  "tool": "honeybadger",
  "start": 1609173206.244545,
  "end": 1609173296.945431,
  "duration": 90.70088601112366,
  "analysis": [
    {
      "errors": [],
      "file": "/../data/reentrancy/solidity_contract/17215.sol",
      "name": "Owned"
    },
    {
      "errors": [],
      "file": "/../data/reentrancy/solidity_contract/17215.sol",
      "name": "ReceivingContract"
    },
    {
      "errors": [],
      "file": "/../data/reentrancy/solidity_contract/17215.sol",
      "name": "SafeMath"
    },
    {
      "errors": [],
      "file": "/../data/reentrancy/solidity_contract/17215.sol",
      "name": "TORUE"
    }
  ]
}