{
  "contract": "23166",
  "tool": "honeybadger",
  "start": 1609164771.9895308,
  "end": 1609164912.0268412,
  "duration": 140.03731036186218,
  "analysis": [
    {
      "errors": [],
      "file": "/../data/reentrancy/solidity_contract/23166.sol",
      "name": "BasicToken"
    },
    {
      "errors": [],
      "file": "/../data/reentrancy/solidity_contract/23166.sol",
      "name": "SafeMath"
    },
    {
      "errors": [],
      "file": "/../data/reentrancy/solidity_contract/23166.sol",
      "name": "StandardToken"
    },
    {
      "errors": [],
      "file": "/../data/reentrancy/solidity_contract/23166.sol",
      "name": "TorusCoin"
    }
  ]
}