{
  "contract": "13952",
  "tool": "honeybadger",
  "start": 1609148365.033277,
  "end": 1609148580.855228,
  "duration": 215.8219509124756,
  "analysis": [
    {
      "errors": [],
      "file": "/../data/reentrancy/solidity_contract/13952.sol",
      "name": "AddressSet"
    },
    {
      "errors": [],
      "file": "/../data/reentrancy/solidity_contract/13952.sol",
      "name": "Ledger"
    },
    {
      "errors": [],
      "file": "/../data/reentrancy/solidity_contract/13952.sol",
      "name": "UsingAdmin"
    },
    {
      "errors": [],
      "file": "/../data/reentrancy/solidity_contract/13952.sol",
      "name": "UsingRegistry"
    },
    {
      "errors": [],
      "file": "/../data/reentrancy/solidity_contract/13952.sol",
      "name": "UsingTreasury"
    },
    {
      "errors": [],
      "file": "/../data/reentrancy/solidity_contract/13952.sol",
      "name": "VideoPoker"
    }
  ]
}