{
  "contract": "4591",
  "tool": "honeybadger",
  "start": 1609219708.133756,
  "end": 1609219799.5691142,
  "duration": 91.43535828590393,
  "analysis": [
    {
      "errors": [],
      "file": "/../data/reentrancy/solidity_contract/4591.sol",
      "name": "BasicToken"
    },
    {
      "errors": [],
      "file": "/../data/reentrancy/solidity_contract/4591.sol",
      "name": "IChain"
    },
    {
      "errors": [],
      "file": "/../data/reentrancy/solidity_contract/4591.sol",
      "name": "SafeMath"
    },
    {
      "errors": [],
      "file": "/../data/reentrancy/solidity_contract/4591.sol",
      "name": "StandardToken"
    }
  ]
}