{
  "contract": "29517",
  "tool": "osiris",
  "start": 1609159126.7123919,
  "end": 1609159239.399998,
  "duration": 112.6876060962677,
  "analysis": [
    {
      "errors": [
        {
          "line": 103,
          "column": 19,
          "message": "overflow_bugs"
        },
        {
          "line": 70,
          "column": 33,
          "message": "underflow_bugs"
        }
      ],
      "file": "/../data/reentrancy/solidity_contract/29517.sol",
      "name": "Distribution"
    },
    {
      "errors": [
        {
          "line": 159,
          "column": 3,
          "message": "overflow_bugs"
        },
        {
          "line": 159,
          "column": 70,
          "message": "overflow_bugs"
        },
        {
          "line": 159,
          "column": 70,
          "message": "overflow_bugs"
        },
        {
          "line": 103,
          "column": 19,
          "message": "overflow_bugs"
        },
        {
          "line": 70,
          "column": 33,
          "message": "underflow_bugs"
        }
      ],
      "file": "/../data/reentrancy/solidity_contract/29517.sol",
      "name": "DistributionForTesting"
    },
    {
      "errors": [],
      "file": "/../data/reentrancy/solidity_contract/29517.sol",
      "name": "SafeMath"
    }
  ]
}