{
  "contract": "PrivateBank",
  "tool": "osiris",
  "start": 1609165150.396435,
  "end": 1609165202.73485,
  "duration": 52.338414907455444,
  "analysis": [
    {
      "errors": [
        {
          "line": 56,
          "column": 9,
          "message": "overflow_bugs"
        },
        {
          "line": 56,
          "column": 9,
          "message": "overflow_bugs"
        },
        {
          "line": 36,
          "column": 1,
          "message": "overflow_bugs"
        }
      ],
      "file": "/../data/reentrancy/solidity_contract/PrivateBank.sol",
      "name": "Log"
    },
    {
      "errors": [
        {
          "line": 17,
          "column": 13,
          "message": "overflow_bugs"
        },
        {
          "line": 26,
          "column": 17,
          "message": "underflow_bugs"
        },
        {
          "line": 25,
          "column": 16,
          "message": "reentrancy_bug"
        },
        {
          "line": 27,
          "column": 17,
          "message": "reentrancy_bug"
        }
      ],
      "file": "/../data/reentrancy/solidity_contract/PrivateBank.sol",
      "name": "Private_Bank"
    }
  ]
}