{
  "contract": "39749",
  "tool": "osiris",
  "start": 1609139537.39928,
  "end": 1609139563.7328792,
  "duration": 26.333599090576172,
  "analysis": [
    {
      "errors": [],
      "file": "/../data/reentrancy/solidity_contract/39749.sol",
      "name": "DSSafeAddSub"
    },
    {
      "errors": [
        {
          "line": 192,
          "column": 17,
          "message": "concurrency_bug"
        },
        {
          "line": 192,
          "column": 17,
          "message": "concurrency_bug"
        },
        {
          "line": 201,
          "column": 21,
          "message": "concurrency_bug"
        },
        {
          "line": 64,
          "column": 9,
          "message": "time_dependency_bug"
        },
        {
          "line": 220,
          "column": 17,
          "message": "reentrancy_bug"
        }
      ],
      "file": "/../data/reentrancy/solidity_contract/39749.sol",
      "name": "EtherollCrowdfund"
    },
    {
      "errors": [],
      "file": "/../data/reentrancy/solidity_contract/39749.sol",
      "name": "owned"
    },
    {
      "errors": [],
      "file": "/../data/reentrancy/solidity_contract/39749.sol",
      "name": "token"
    }
  ]
}