{
  "contract": "22902",
  "tool": "osiris",
  "start": 1609150861.42719,
  "end": 1609150977.8269482,
  "duration": 116.39975810050964,
  "analysis": [
    {
      "errors": [],
      "file": "/../data/reentrancy/solidity_contract/22902.sol",
      "name": "BuildingStatus"
    },
    {
      "errors": [],
      "file": "/../data/reentrancy/solidity_contract/22902.sol",
      "name": "ConvertQuote"
    },
    {
      "errors": [],
      "file": "/../data/reentrancy/solidity_contract/22902.sol",
      "name": "Crowdsale"
    }
  ]
}