{
  "contract": "17573",
  "tool": "honeybadger",
  "start": 1609169211.996369,
  "end": 1609169588.67997,
  "duration": 376.68360114097595,
  "analysis": [
    {
      "errors": [],
      "file": "/../data/reentrancy/solidity_contract/17573.sol",
      "name": "Controlled"
    },
    {
      "errors": [],
      "file": "/../data/reentrancy/solidity_contract/17573.sol",
      "name": "DSAuth"
    },
    {
      "errors": [],
      "file": "/../data/reentrancy/solidity_contract/17573.sol",
      "name": "DSAuthEvents"
    },
    {
      "errors": [],
      "file": "/../data/reentrancy/solidity_contract/17573.sol",
      "name": "DSMath"
    },
    {
      "errors": [],
      "file": "/../data/reentrancy/solidity_contract/17573.sol",
      "name": "DSNote"
    },
    {
      "errors": [],
      "file": "/../data/reentrancy/solidity_contract/17573.sol",
      "name": "DSStop"
    },
    {
      "errors": [],
      "file": "/../data/reentrancy/solidity_contract/17573.sol",
      "name": "DSToken"
    },
    {
      "errors": [],
      "file": "/../data/reentrancy/solidity_contract/17573.sol",
      "name": "DSTokenBase"
    },
    {
      "errors": [],
      "file": "/../data/reentrancy/solidity_contract/17573.sol",
      "name": "OMT"
    }
  ]
}