{
  "contract": "21900",
  "tool": "honeybadger",
  "start": 1609201639.142194,
  "end": 1609201720.526037,
  "duration": 81.38384294509888,
  "analysis": [
    {
      "errors": [],
      "file": "/../data/reentrancy/solidity_contract/21900.sol",
      "name": "BasicToken"
    },
    {
      "errors": [],
      "file": "/../data/reentrancy/solidity_contract/21900.sol",
      "name": "Crowdsale"
    },
    {
      "errors": [],
      "file": "/../data/reentrancy/solidity_contract/21900.sol",
      "name": "GGPCToken"
    }
  ]
}