{
  "contract": "31912",
  "tool": "osiris",
  "start": 1609195308.068931,
  "end": 1609195380.53842,
  "duration": 72.46948885917664,
  "analysis": [
    {
      "errors": [],
      "file": "/../data/reentrancy/solidity_contract/31912.sol",
      "name": "Array256Lib"
    },
    {
      "errors": [
        {
          "line": 1175,
          "column": 14,
          "message": "overflow_bugs"
        },
        {
          "line": 1176,
          "column": 31,
          "message": "division_bugs"
        }
      ],
      "file": "/../data/reentrancy/solidity_contract/31912.sol",
      "name": "BasicMathLib"
    },
    {
      "errors": [],
      "file": "/../data/reentrancy/solidity_contract/31912.sol",
      "name": "WalletAdminLib"
    },
    {
      "errors": [],
      "file": "/../data/reentrancy/solidity_contract/31912.sol",
      "name": "WalletMainLib"
    }
  ]
}