{
  "contract": "1123",
  "tool": "honeybadger",
  "start": 1609162496.7702851,
  "end": 1609162514.445698,
  "duration": 17.675412893295288,
  "analysis": [
    {
      "errors": [],
      "file": "/../data/reentrancy/solidity_contract/1123.sol",
      "name": "F3DKeysCalcShort"
    },
    {
      "errors": [],
      "file": "/../data/reentrancy/solidity_contract/1123.sol",
      "name": "F3Ddatasets"
    },
    {
      "errors": [],
      "file": "/../data/reentrancy/solidity_contract/1123.sol",
      "name": "F3Devents"
    },
    {
      "errors": [],
      "file": "/../data/reentrancy/solidity_contract/1123.sol",
      "name": "FoMo3DFast"
    }
  ]
}