{
  "contract": "13076",
  "tool": "honeybadger",
  "start": 1609156870.6394,
  "end": 1609157100.704714,
  "duration": 230.06531405448914,
  "analysis": [
    {
      "errors": [],
      "file": "/../data/reentrancy/solidity_contract/13076.sol",
      "name": "BasicToken"
    },
    {
      "errors": [],
      "file": "/../data/reentrancy/solidity_contract/13076.sol",
      "name": "BurnableToken"
    },
    {
      "errors": [],
      "file": "/../data/reentrancy/solidity_contract/13076.sol",
      "name": "Certifiable"
    },
    {
      "errors": [],
      "file": "/../data/reentrancy/solidity_contract/13076.sol",
      "name": "Crowdsale"
    },
    {
      "errors": [],
      "file": "/../data/reentrancy/solidity_contract/13076.sol",
      "name": "EDUCrowdsale"
    }
  ]
}