{
  "contract": "31912",
  "tool": "honeybadger",
  "start": 1609195419.313453,
  "end": 1609195710.152025,
  "duration": 290.8385720252991,
  "analysis": [
    {
      "errors": [],
      "file": "/../data/reentrancy/solidity_contract/31912.sol",
      "name": "Array256Lib"
    },
    {
      "errors": [],
      "file": "/../data/reentrancy/solidity_contract/31912.sol",
      "name": "BasicMathLib"
    },
    {
      "errors": [],
      "file": "/../data/reentrancy/solidity_contract/31912.sol",
      "name": "WalletAdminLib"
    },
    {
      "errors": [],
      "file": "/../data/reentrancy/solidity_contract/31912.sol",
      "name": "WalletMainLib"
    }
  ]
}