{
  "contract": "21900",
  "tool": "osiris",
  "start": 1609201529.285121,
  "end": 1609201603.298238,
  "duration": 74.01311707496643,
  "analysis": [
    {
      "errors": [],
      "file": "/../data/reentrancy/solidity_contract/21900.sol",
      "name": "BasicToken"
    },
    {
      "errors": [
        {
          "line": 204,
          "column": 17,
          "message": "reentrancy_bug"
        }
      ],
      "file": "/../data/reentrancy/solidity_contract/21900.sol",
      "name": "Crowdsale"
    },
    {
      "errors": [],
      "file": "/../data/reentrancy/solidity_contract/21900.sol",
      "name": "GGPCToken"
    },
    {
      "errors": [],
      "file": "/../data/reentrancy/solidity_contract/21900.sol",
      "name": "Ownable"
    },
    {
      "errors": [],
      "file": "/../data/reentrancy/solidity_contract/21900.sol",
      "name": "Pausable"
    },
    {
      "errors": [],
      "file": "/../data/reentrancy/solidity_contract/21900.sol",
      "name": "PausableToken"
    },
    {
      "errors": [],
      "file": "/../data/reentrancy/solidity_contract/21900.sol",
      "name": "SafeMath"
    },
    {
      "errors": [],
      "file": "/../data/reentrancy/solidity_contract/21900.sol",
      "name": "StandardToken"
    }
  ]
}