{
  "contract": "14741",
  "tool": "osiris",
  "start": 1609143625.837831,
  "end": 1609143744.092264,
  "duration": 118.25443291664124,
  "analysis": [
    {
      "errors": [],
      "file": "/../data/reentrancy/solidity_contract/14741.sol",
      "name": "BonusScheme"
    },
    {
      "errors": [],
      "file": "/../data/reentrancy/solidity_contract/14741.sol",
      "name": "Ownable"
    },
    {
      "errors": [
        {
          "line": 122,
          "column": 3,
          "message": "concurrency_bug"
        },
        {
          "line": 136,
          "column": 3,
          "message": "concurrency_bug"
        }
      ],
      "file": "/../data/reentrancy/solidity_contract/14741.sol",
      "name": "RefundVault"
    },
    {
      "errors": [],
      "file": "/../data/reentrancy/solidity_contract/14741.sol",
      "name": "SafeMath"
    },
    {
      "errors": [
        {
          "line": 363,
          "column": 36,
          "message": "underflow_bugs"
        }
      ],
      "file": "/../data/reentrancy/solidity_contract/14741.sol",
      "name": "StandardToken"
    }
  ]
}