{
  "contract": "21111",
  "tool": "osiris",
  "start": 1609126945.455439,
  "end": 1609127005.788587,
  "duration": 60.33314800262451,
  "analysis": [
    {
      "errors": [],
      "file": "/../data/reentrancy/solidity_contract/21111.sol",
      "name": "ERC20"
    },
    {
      "errors": [
        {
          "line": 188,
          "column": 5,
          "message": "overflow_bugs"
        },
        {
          "line": 464,
          "column": 13,
          "message": "reentrancy_bug"
        }
      ],
      "file": "/../data/reentrancy/solidity_contract/21111.sol",
      "name": "PresalePool"
    },
    {
      "errors": [],
      "file": "/../data/reentrancy/solidity_contract/21111.sol",
      "name": "SafeMath"
    },
    {
      "errors": [],
      "file": "/../data/reentrancy/solidity_contract/21111.sol",
      "name": "WhiteList"
    }
  ]
}