{
  "contract": "39994",
  "tool": "osiris",
  "start": 1609133027.8289652,
  "end": 1609133159.787919,
  "duration": 131.95895385742188,
  "analysis": [
    {
      "errors": [],
      "file": "/../data/reentrancy/solidity_contract/39994.sol",
      "name": "Base"
    },
    {
      "errors": [],
      "file": "/../data/reentrancy/solidity_contract/39994.sol",
      "name": "ERC20Interface"
    },
    {
      "errors": [],
      "file": "/../data/reentrancy/solidity_contract/39994.sol",
      "name": "ERC20Token"
    },
    {
      "errors": [],
      "file": "/../data/reentrancy/solidity_contract/39994.sol",
      "name": "ITT"
    },
    {
      "errors": [],
      "file": "/../data/reentrancy/solidity_contract/39994.sol",
      "name": "LibCLLi"
    },
    {
      "errors": [],
      "file": "/../data/reentrancy/solidity_contract/39994.sol",
      "name": "LibCLLu"
    },
    {
      "errors": [],
      "file": "/../data/reentrancy/solidity_contract/39994.sol",
      "name": "Math"
    }
  ]
}